risk_prediction_id;intervention_id;priority;reason
RPR-00014;INT-005;1;Alteración de sueño acumulada.
RPR-00015;INT-005;1;Alteración de sueño acumulada.
RPR-00016;INT-005;1;Alteración de sueño acumulada.
RPR-00017;INT-001;1;Cambio de rutina reciente.
RPR-00018;INT-005;1;Alteración de sueño acumulada.
RPR-00019;INT-006;1;Acumulación de factores adversos.
RPR-00036;INT-001;1;Cambio de rutina reciente.
RPR-00037;INT-006;1;Acumulación de factores adversos.
RPR-00056;INT-005;1;Alteración de sueño acumulada.
RPR-00062;INT-001;1;Cambio de rutina reciente.
RPR-00063;INT-001;1;Cambio de rutina reciente.
RPR-00064;INT-001;1;Cambio de rutina reciente.
RPR-00065;INT-001;1;Cambio de rutina reciente.
RPR-00066;INT-005;1;Alteración de sueño acumulada.
RPR-00067;INT-006;1;Acumulación de factores adversos.
RPR-00099;INT-005;1;Alteración de sueño acumulada.
RPR-00128;INT-005;1;Alteración de sueño acumulada.
RPR-00129;INT-005;1;Alteración de sueño acumulada.
RPR-00141;INT-001;1;Cambio de rutina reciente.
RPR-00142;INT-001;1;Cambio de rutina reciente.
RPR-00143;INT-001;1;Cambio de rutina reciente.
RPR-00144;INT-001;1;Cambio de rutina reciente.
RPR-00159;INT-002;1;Evento excepcional reciente.
RPR-00176;INT-001;1;Cambio de rutina reciente.
RPR-00243;INT-005;1;Alteración de sueño acumulada.
RPR-00244;INT-001;1;Cambio de rutina reciente.
RPR-00266;INT-005;1;Alteración de sueño acumulada.
RPR-00267;INT-001;1;Cambio de rutina reciente.
RPR-00268;INT-001;1;Cambio de rutina reciente.
RPR-00269;INT-001;1;Cambio de rutina reciente.
RPR-00270;INT-001;1;Cambio de rutina reciente.
RPR-00271;INT-005;1;Alteración de sueño acumulada.
RPR-00272;INT-005;1;Alteración de sueño acumulada.
RPR-00281;INT-005;1;Alteración de sueño acumulada.
RPR-00282;INT-005;1;Alteración de sueño acumulada.
RPR-00302;INT-001;1;Cambio de rutina reciente.
RPR-00303;INT-001;1;Cambio de rutina reciente.
RPR-00304;INT-006;1;Acumulación de factores adversos.
RPR-00342;INT-005;1;Alteración de sueño acumulada.
RPR-00344;INT-005;1;Alteración de sueño acumulada.
RPR-00345;INT-001;1;Cambio de rutina reciente.
RPR-00346;INT-001;1;Cambio de rutina reciente.
RPR-00347;INT-001;1;Cambio de rutina reciente.
RPR-00348;INT-001;1;Cambio de rutina reciente.
RPR-00349;INT-005;1;Alteración de sueño acumulada.
RPR-00364;INT-005;1;Alteración de sueño acumulada.
RPR-00370;INT-001;1;Cambio de rutina reciente.
RPR-00371;INT-001;1;Cambio de rutina reciente.
RPR-00372;INT-001;1;Cambio de rutina reciente.
RPR-00423;INT-005;1;Alteración de sueño acumulada.
RPR-00424;INT-005;1;Alteración de sueño acumulada.
RPR-00445;INT-005;1;Alteración de sueño acumulada.
RPR-00464;INT-006;1;Acumulación de factores adversos.
RPR-00466;INT-005;1;Alteración de sueño acumulada.
RPR-00468;INT-005;1;Alteración de sueño acumulada.
RPR-00469;INT-005;1;Alteración de sueño acumulada.
RPR-00470;INT-005;1;Alteración de sueño acumulada.
RPR-00508;INT-001;1;Cambio de rutina reciente.
RPR-00509;INT-002;1;Evento excepcional reciente.
RPR-00510;INT-002;1;Evento excepcional reciente.
RPR-00515;INT-005;1;Alteración de sueño acumulada.
RPR-00539;INT-001;1;Cambio de rutina reciente.
RPR-00540;INT-001;1;Cambio de rutina reciente.
RPR-00541;INT-001;1;Cambio de rutina reciente.
RPR-00542;INT-001;1;Cambio de rutina reciente.
RPR-00543;INT-005;1;Alteración de sueño acumulada.
RPR-00544;INT-005;1;Alteración de sueño acumulada.
RPR-00560;INT-005;1;Alteración de sueño acumulada.
RPR-00561;INT-001;1;Cambio de rutina reciente.
RPR-00562;INT-006;1;Acumulación de factores adversos.
RPR-00588;INT-006;1;Acumulación de factores adversos.
RPR-00595;INT-005;1;Alteración de sueño acumulada.
RPR-00596;INT-005;1;Alteración de sueño acumulada.
RPR-00601;INT-005;1;Alteración de sueño acumulada.
RPR-00608;INT-001;1;Cambio de rutina reciente.
RPR-00609;INT-001;1;Cambio de rutina reciente.
RPR-00610;INT-001;1;Cambio de rutina reciente.
RPR-00611;INT-001;1;Cambio de rutina reciente.
RPR-00612;INT-005;1;Alteración de sueño acumulada.
RPR-00628;INT-001;1;Cambio de rutina reciente.
RPR-00629;INT-001;1;Cambio de rutina reciente.
RPR-00630;INT-001;1;Cambio de rutina reciente.
